-- phpMyAdmin SQL Dump
-- version 5.0.2
-- https://www.phpmyadmin.net/
--
-- Hôte : 127.0.0.1:3306
-- Généré le : ven. 08 jan. 2021 à 11:59
-- Version du serveur :  10.4.13-MariaDB
-- Version de PHP : 7.3.21

SET SQL_MODE = "NO_AUTO_VALUE_ON_ZERO";
START TRANSACTION;
SET time_zone = "+00:00";


/*!40101 SET @OLD_CHARACTER_SET_CLIENT=@@CHARACTER_SET_CLIENT */;
/*!40101 SET @OLD_CHARACTER_SET_RESULTS=@@CHARACTER_SET_RESULTS */;
/*!40101 SET @OLD_COLLATION_CONNECTION=@@COLLATION_CONNECTION */;
/*!40101 SET NAMES utf8mb4 */;

--
-- Base de données : `tousse`
--

-- --------------------------------------------------------

--
-- Structure de la table `chat`
--

DROP TABLE IF EXISTS `chat`;
CREATE TABLE IF NOT EXISTS `chat` (
  `id` int(11) NOT NULL AUTO_INCREMENT,
  `id_send` int(11) NOT NULL,
  `id_receive` int(11) NOT NULL,
  `date` datetime NOT NULL DEFAULT current_timestamp(),
  `msg` varchar(400) NOT NULL,
  `isMedecin` tinyint(1) NOT NULL,
  PRIMARY KEY (`id`)
) ENGINE=MyISAM AUTO_INCREMENT=16 DEFAULT CHARSET=latin1;

--
-- Déchargement des données de la table `chat`
--

INSERT INTO `chat` (`id`, `id_send`, `id_receive`, `date`, `msg`, `isMedecin`) VALUES
(1, 3, 2, '2021-01-07 17:28:19', 'Bonjour, pourrions nous convenir d\'une date pour vous rendre le vêtement ?', 0),
(2, 2, 3, '2021-01-07 17:28:54', 'Je suis disponible les mardi et mercredi après-midi pour le rendu de vêtements connectés.', 1),
(3, 2, 3, '2021-01-07 21:46:57', 'J\'ai une date mardi prochain.', 1),
(4, 2, 3, '2021-01-07 21:47:49', 'à 16h00', 1),
(5, 2, 3, '2021-01-07 22:20:36', 'Parfait ! Faisons comme ça', 1),
(6, 3, 2, '2021-01-07 22:23:47', 'Parfait ! Faisons comme ça', 0),
(7, 2, 3, '2021-01-07 22:24:59', 'coucou', 1),
(8, 2, 3, '2021-01-07 22:24:59', 'coucou', 1),
(9, 3, 2, '2021-01-07 22:25:58', 'bonjour', 0),
(10, 1, 1, '2021-01-07 23:17:23', 'Bonjour monsieur!\r\nJe ne me sens pas bien', 0),
(11, 1, 1, '2021-01-07 23:18:32', 'Moi ca va', 1),
(12, 1, 1, '2021-01-07 23:18:47', 'ET c\'est docteur pour vous', 1),
(13, 20, 1, '2021-01-08 09:18:30', 'Coucou Gilles je me sens pas bien\r\n', 0),
(14, 1, 20, '2021-01-08 09:22:29', 'Oh non! Trop triste', 1),
(15, 1, 20, '2021-01-08 09:22:38', 'J\'espere que ca ira mieux', 1);

-- --------------------------------------------------------

--
-- Structure de la table `data_pas_vetement`
--

DROP TABLE IF EXISTS `data_pas_vetement`;
CREATE TABLE IF NOT EXISTS `data_pas_vetement` (
  `id` int(11) NOT NULL AUTO_INCREMENT,
  `id_patient` int(11) NOT NULL,
  `sexe` char(10) NOT NULL,
  `imc` int(11) NOT NULL,
  `antecedent_cv` tinyint(1) NOT NULL COMMENT 'présence d''antécédents cardio vasculaires',
  `diabete` tinyint(1) NOT NULL,
  `respiratoire_chronique` tinyint(1) NOT NULL COMMENT 'présence de troubles respiratoires chroniques',
  `dialyse` tinyint(1) NOT NULL,
  `cancer` tinyint(1) NOT NULL,
  `perte_gout` tinyint(1) NOT NULL,
  `perte_odorat` tinyint(1) NOT NULL,
  `fievre` tinyint(1) NOT NULL,
  `toux` tinyint(1) NOT NULL,
  `autre` varchar(300) NOT NULL,
  `date_symp` date NOT NULL COMMENT 'date d''apparition des symptômes',
  `date_depistage` date NOT NULL COMMENT 'date de dépistage',
  `date_fin` date NOT NULL COMMENT 'date de fin d''infection',
  PRIMARY KEY (`id`)
) ENGINE=InnoDB AUTO_INCREMENT=5 DEFAULT CHARSET=latin1;

--
-- Déchargement des données de la table `data_pas_vetement`
--

INSERT INTO `data_pas_vetement` (`id`, `id_patient`, `sexe`, `imc`, `antecedent_cv`, `diabete`, `respiratoire_chronique`, `dialyse`, `cancer`, `perte_gout`, `perte_odorat`, `fievre`, `toux`, `autre`, `date_symp`, `date_depistage`, `date_fin`) VALUES
(1, 18, 'M', 0, 1, 1, 1, 1, 1, 1, 1, 1, 1, 'RAS', '2021-01-05', '2021-01-05', '0000-00-00'),
(3, 20, 'F', 20, 0, 0, 1, 0, 0, 1, 1, 1, 0, 'ras', '2021-01-01', '2021-01-01', '0000-00-00'),
(4, 21, 'F', 20, 0, 0, 0, 0, 0, 1, 1, 1, 0, 'RAS', '2020-12-29', '2020-12-29', '0000-00-00');

-- --------------------------------------------------------

--
-- Structure de la table `data_vetement`
--

DROP TABLE IF EXISTS `data_vetement`;
CREATE TABLE IF NOT EXISTS `data_vetement` (
  `id` int(11) NOT NULL AUTO_INCREMENT COMMENT 'id de l''entrée de données',
  `id_patient` int(11) NOT NULL COMMENT 'id du patient concerné par les données',
  `temp` longtext CHARACTER SET utf8mb4 COLLATE utf8mb4_bin NOT NULL COMMENT 'température du corps' CHECK (json_valid(`temp`)),
  `toux_seche` longtext CHARACTER SET utf8mb4 COLLATE utf8mb4_bin NOT NULL COMMENT 'précise si le patient est sujet à une toux sèche' CHECK (json_valid(`toux_seche`)),
  `rythme_respiratoire` longtext CHARACTER SET utf8mb4 COLLATE utf8mb4_bin NOT NULL CHECK (json_valid(`rythme_respiratoire`)),
  `allongement_tissus` longtext CHARACTER SET utf8mb4 COLLATE utf8mb4_bin NOT NULL CHECK (json_valid(`allongement_tissus`)),
  `oxygenation` longtext CHARACTER SET utf8mb4 COLLATE utf8mb4_bin NOT NULL CHECK (json_valid(`oxygenation`)),
  PRIMARY KEY (`id`)
) ENGINE=InnoDB DEFAULT CHARSET=latin1;

-- --------------------------------------------------------

--
-- Structure de la table `medecins`
--

DROP TABLE IF EXISTS `medecins`;
CREATE TABLE IF NOT EXISTS `medecins` (
  `id` int(11) NOT NULL AUTO_INCREMENT,
  `nom` varchar(300) NOT NULL,
  `prenom` varchar(300) NOT NULL,
  `mail` varchar(300) NOT NULL,
  `tel` varchar(30) NOT NULL,
  `passe` varchar(200) NOT NULL,
  `adresse` varchar(300) NOT NULL,
  PRIMARY KEY (`id`)
) ENGINE=MyISAM AUTO_INCREMENT=4 DEFAULT CHARSET=latin1;

--
-- Déchargement des données de la table `medecins`
--

INSERT INTO `medecins` (`id`, `nom`, `prenom`, `mail`, `tel`, `passe`, `adresse`) VALUES
(1, 'Ettendorf', 'Gilles', 'ettendorf@gillou.com', '0152568936', 'gilles', '1 rue de l\'école, Bonneuil-sur-Marne'),
(2, 'Cimes', 'Michel', 'michou93@gang.gang', '0123456789', 'michel', '666 rue Tumetrouverasjamais, Jsaispasou-en-gohelle'),
(3, 'Raoult', 'Didier', 'didier.raoult@hotmail.fr', '0745874512', 'jaimelessaunas', '13 Rue de la bande organisée, Marseille');

-- --------------------------------------------------------

--
-- Structure de la table `patients`
--

DROP TABLE IF EXISTS `patients`;
CREATE TABLE IF NOT EXISTS `patients` (
  `id` int(11) NOT NULL AUTO_INCREMENT COMMENT 'identifiant du patient',
  `nom` varchar(200) NOT NULL COMMENT 'nom du patient',
  `prenom` varchar(200) NOT NULL COMMENT 'prénom du patient',
  `naissance` date NOT NULL COMMENT 'date de naissance du patient',
  `secu` varchar(100) NOT NULL COMMENT 'numéro de sécurité sociale',
  `tel` varchar(100) NOT NULL,
  `mail` varchar(300) NOT NULL COMMENT 'adresse électronique du patient',
  `adresse` varchar(500) NOT NULL COMMENT 'adresse postale du patient',
  `code_postal` int(11) NOT NULL COMMENT 'code postal du patient',
  `passe` varchar(200) NOT NULL COMMENT 'mot de passe du patient',
  `sexe` char(10) NOT NULL COMMENT 'sexe du patient (H, F, N)',
  `id_medecin` int(11) NOT NULL COMMENT 'id du médecin traitant',
  `risque` tinyint(1) NOT NULL COMMENT 'précise si le patient est à risque',
  PRIMARY KEY (`id`)
) ENGINE=InnoDB AUTO_INCREMENT=22 DEFAULT CHARSET=latin1;

--
-- Déchargement des données de la table `patients`
--

INSERT INTO `patients` (`id`, `nom`, `prenom`, `naissance`, `secu`, `tel`, `mail`, `adresse`, `code_postal`, `passe`, `sexe`, `id_medecin`, `risque`) VALUES
(1, 'Macud', 'Matyas', '1999-09-03', '0', '0', 'macud@macud.com', '1 avenue de la République, Chatillon', 92320, 'macud', 'M', 1, 1),
(3, 'Leleu', 'Tang', '1999-12-19', '0', '0', 'tang@tang.com', '10 clos de villemenon, Brie Comte Robert', 77170, 'tang', 'M', 2, 2),
(4, 'Mange', 'Jean', '1998-12-14', '198129105416395', '652158963', 'jean@mange.fr', '1 rue du pré, Soignolles', 77123, 'jean', 'M', 1, 1),
(5, 'Tran', 'Henri', '1993-12-27', '1931212325404', '0365215487', 'henri@tran.be', '10 rue de l\'aveyron, Bourg-Palette ', 12250, 'lerirejaune', 'N', 2, 1),
(6, 'Tahmouch', 'Sarah', '2000-09-20', '1256487945164', '0612345698', 'sarah@tahmouch@gmail.com', 'ici', 93120, 'sarah', 'F', 2, 1),
(7, 'nom', 'prenom', '2021-01-06', '12345678910', '0123456789', 'mail', 'adresse', 12345, 'passe', 'M', 2, 1),
(8, 'Lesnard', 'Eliot', '1999-03-30', '12345678945', '0656895623', 'yo.lesnard@gmail.com', '2 rue pasteur, Brie Comte Robert', 77170, 'yo', 'M', 1, 4),
(9, 'Guérin', 'Clément', '1999-03-30', '1990377063142', '0123456788', 'clement@guerin.com', '10 rue Pasteur, Brie Comte Robert', 77170, 'clement', 'M', 1, 3),
(10, 'Cochet', 'Corentin', '1999-03-30', '1990377063142', '0123456787', 'corentin@cochet.com', '10 rue Pasteur, Brie Comte Robert', 77170, 'corentin', 'M', 1, 1),
(18, 'Dubernet', 'Lucie', '1999-03-30', '1990377063142', '0123456787', 'lucie@dubernet.com', '10 rue Pasteur, Brie Comte Robert', 77170, 'lucie', 'M', 1, 1),
(20, 'Mas', 'Estelle', '2021-01-01', '0324567895', '7894561230', 'estelle@mas.com', '20 rue des fusilles, Nanterre', 89456, 'estelle', 'F', 1, 2),
(21, 'Gagliardi', 'Léa', '1999-07-08', '1990804047202', '0612345678', 'lea@gagliardi.com', '33 Rue de la Poste', 4092, 'boston_celtics', 'F', 2, 1);

-- --------------------------------------------------------

--
-- Structure de la table `test`
--

DROP TABLE IF EXISTS `test`;
CREATE TABLE IF NOT EXISTS `test` (
  `id` int(11) NOT NULL AUTO_INCREMENT,
  `accel` longtext CHARACTER SET utf8mb4 COLLATE utf8mb4_bin NOT NULL CHECK (json_valid(`accel`)),
  `date` varchar(100) NOT NULL,
  PRIMARY KEY (`id`)
) ENGINE=InnoDB AUTO_INCREMENT=1184 DEFAULT CHARSET=latin1;

--
-- Déchargement des données de la table `test`
--

INSERT INTO `test` (`id`, `accel`, `date`) VALUES
(867, '9.80', '2021,01,07,14,46,30'),
(868, '9.81', '2021,01,07,14,46,36'),
(869, '9.81', '2021,01,07,14,46,41'),
(870, '9.78', '2021,01,07,14,46,46'),
(871, '9.80', '2021,01,07,14,46,52'),
(872, '9.81', '2021,01,07,14,46,57'),
(873, '9.79', '2021,01,07,14,47,02'),
(874, '9.80', '2021,01,07,14,47,07'),
(875, '9.82', '2021,01,07,14,47,12'),
(876, '9.82', '2021,01,07,14,47,18'),
(877, '9.79', '2021,01,07,14,47,23'),
(878, '9.81', '2021,01,07,14,47,28'),
(879, '9.80', '2021,01,07,14,47,34'),
(880, '9.80', '2021,01,07,14,47,39'),
(881, '9.85', '2021,01,07,14,47,44'),
(882, '9.82', '2021,01,07,14,47,50'),
(883, '9.80', '2021,01,07,14,47,55'),
(884, '9.86', '2021,01,07,14,48,00'),
(885, '9.83', '2021,01,07,14,48,05'),
(886, '9.78', '2021,01,07,14,48,10'),
(887, '9.81', '2021,01,07,14,48,15'),
(888, '9.85', '2021,01,07,14,48,20'),
(889, '9.80', '2021,01,07,14,48,26'),
(890, '9.80', '2021,01,07,14,48,31'),
(891, '9.76', '2021,01,07,14,48,36'),
(892, '9.79', '2021,01,07,14,48,41'),
(893, '9.83', '2021,01,07,14,48,46'),
(894, '9.80', '2021,01,07,14,48,51'),
(895, '9.81', '2021,01,07,14,48,56'),
(896, '9.81', '2021,01,07,14,49,02'),
(897, '9.77', '2021,01,07,14,49,07'),
(898, '9.78', '2021,01,07,14,49,12'),
(899, '9.83', '2021,01,07,14,49,17'),
(900, '9.79', '2021,01,07,14,49,22'),
(901, '9.82', '2021,01,07,14,49,28'),
(902, '9.79', '2021,01,07,14,49,33'),
(903, '9.85', '2021,01,07,14,49,38'),
(904, '9.83', '2021,01,07,14,49,43'),
(905, '9.78', '2021,01,07,14,49,48'),
(906, '9.83', '2021,01,07,14,49,53'),
(907, '9.80', '2021,01,07,14,49,59'),
(908, '9.81', '2021,01,07,14,50,04'),
(909, '9.79', '2021,01,07,14,50,09'),
(910, '9.78', '2021,01,07,14,50,14'),
(911, '9.81', '2021,01,07,14,50,19'),
(912, '9.82', '2021,01,07,14,50,24'),
(913, '9.85', '2021,01,07,14,50,29'),
(914, '9.77', '2021,01,07,14,50,35'),
(915, '9.79', '2021,01,07,14,50,40'),
(916, '9.80', '2021,01,07,14,50,45'),
(917, '9.85', '2021,01,07,14,50,50'),
(918, '9.84', '2021,01,07,14,50,55'),
(919, '9.79', '2021,01,07,14,51,00'),
(920, '9.74', '2021,01,07,14,51,06'),
(921, '9.83', '2021,01,07,14,51,11'),
(922, '9.82', '2021,01,07,14,51,16'),
(923, '9.83', '2021,01,07,14,51,21'),
(924, '9.80', '2021,01,07,14,51,26'),
(925, '9.82', '2021,01,07,14,51,31'),
(926, '9.77', '2021,01,07,14,51,36'),
(927, '9.80', '2021,01,07,14,51,42'),
(928, '9.79', '2021,01,07,14,51,47'),
(929, '9.74', '2021,01,07,14,51,52'),
(930, '9.86', '2021,01,07,14,51,58'),
(931, '9.81', '2021,01,07,14,52,03'),
(932, '9.81', '2021,01,07,14,52,08'),
(933, '9.80', '2021,01,07,14,52,13'),
(934, '9.79', '2021,01,07,14,52,19'),
(935, '9.83', '2021,01,07,14,52,24'),
(936, '9.78', '2021,01,07,14,52,29'),
(937, '9.81', '2021,01,07,14,52,34'),
(938, '9.85', '2021,01,07,14,52,39'),
(939, '9.78', '2021,01,07,14,52,44'),
(940, '9.81', '2021,01,07,14,52,49'),
(941, '9.77', '2021,01,07,14,52,55'),
(942, '9.81', '2021,01,07,14,53,00'),
(943, '9.76', '2021,01,07,14,53,05'),
(944, '9.79', '2021,01,07,14,53,10'),
(945, '9.81', '2021,01,07,14,53,15'),
(946, '9.76', '2021,01,07,14,53,20'),
(947, '9.76', '2021,01,07,14,53,26'),
(948, '9.80', '2021,01,07,14,53,31'),
(949, '9.78', '2021,01,07,14,53,36'),
(950, '9.78', '2021,01,07,14,53,41'),
(951, '9.82', '2021,01,07,14,53,47'),
(952, '9.85', '2021,01,07,14,53,52'),
(953, '9.82', '2021,01,07,14,53,57'),
(954, '9.79', '2021,01,07,14,54,02'),
(955, '9.76', '2021,01,07,14,54,07'),
(956, '9.77', '2021,01,07,14,54,12'),
(957, '9.79', '2021,01,07,14,54,17'),
(958, '9.76', '2021,01,07,14,54,23'),
(959, '9.79', '2021,01,07,14,54,28'),
(960, '9.83', '2021,01,07,14,54,33'),
(961, '9.78', '2021,01,07,14,54,38'),
(962, '9.79', '2021,01,07,14,54,43'),
(963, '9.83', '2021,01,07,14,54,48'),
(964, '9.80', '2021,01,07,14,54,54'),
(965, '9.80', '2021,01,07,14,54,59'),
(966, '9.76', '2021,01,07,14,55,04'),
(967, '9.79', '2021,01,07,14,55,09'),
(968, '9.80', '2021,01,07,14,55,14'),
(969, '9.77', '2021,01,07,14,55,19'),
(970, '9.83', '2021,01,07,14,55,24'),
(971, '9.76', '2021,01,07,14,55,30'),
(972, '9.81', '2021,01,07,14,55,35'),
(973, '9.85', '2021,01,07,14,55,40'),
(974, '9.77', '2021,01,07,14,55,45'),
(975, '9.81', '2021,01,07,14,55,50'),
(976, '9.81', '2021,01,07,14,55,55'),
(977, '9.81', '2021,01,07,14,56,01'),
(978, '9.79', '2021,01,07,14,56,06'),
(979, '9.79', '2021,01,07,14,56,11'),
(980, '9.82', '2021,01,07,14,56,16'),
(981, '9.82', '2021,01,07,14,56,21'),
(982, '9.80', '2021,01,07,14,56,26'),
(983, '9.87', '2021,01,07,14,56,31'),
(984, '9.81', '2021,01,07,14,56,36'),
(985, '9.84', '2021,01,07,14,56,42'),
(986, '9.82', '2021,01,07,14,56,47'),
(987, '9.82', '2021,01,07,14,56,52'),
(988, '9.78', '2021,01,07,14,56,57'),
(989, '9.83', '2021,01,07,14,57,03'),
(990, '9.85', '2021,01,07,14,57,08'),
(991, '9.83', '2021,01,07,14,57,13'),
(992, '9.78', '2021,01,07,14,57,18'),
(993, '9.80', '2021,01,07,14,57,23'),
(994, '9.83', '2021,01,07,14,57,28'),
(995, '9.83', '2021,01,07,14,57,34'),
(996, '9.88', '2021,01,07,14,57,39'),
(997, '9.79', '2021,01,07,14,57,44'),
(998, '9.81', '2021,01,07,14,57,49'),
(999, '9.79', '2021,01,07,14,57,54'),
(1000, '9.84', '2021,01,07,14,58,00'),
(1001, '9.80', '2021,01,07,14,58,05'),
(1002, '9.80', '2021,01,07,14,58,10'),
(1003, '9.80', '2021,01,07,14,58,15'),
(1004, '9.78', '2021,01,07,14,58,20'),
(1005, '9.81', '2021,01,07,14,58,25'),
(1006, '9.82', '2021,01,07,14,58,30'),
(1007, '9.81', '2021,01,07,14,58,36'),
(1008, '9.86', '2021,01,07,14,58,41'),
(1009, '9.81', '2021,01,07,14,58,46'),
(1010, '9.81', '2021,01,07,14,58,51'),
(1011, '9.82', '2021,01,07,14,58,56'),
(1012, '9.79', '2021,01,07,14,59,02'),
(1013, '9.81', '2021,01,07,14,59,07'),
(1014, '9.80', '2021,01,07,14,59,12'),
(1015, '9.78', '2021,01,07,14,59,17'),
(1016, '9.78', '2021,01,07,14,59,22'),
(1017, '9.83', '2021,01,07,14,59,27'),
(1018, '9.82', '2021,01,07,14,59,32'),
(1019, '9.85', '2021,01,07,14,59,37'),
(1020, '9.75', '2021,01,07,14,59,43'),
(1021, '9.83', '2021,01,07,14,59,48'),
(1022, '9.83', '2021,01,07,14,59,53'),
(1023, '9.84', '2021,01,07,14,59,58'),
(1024, '9.80', '2021,01,07,15,00,03'),
(1025, '9.77', '2021,01,07,15,00,08'),
(1026, '9.82', '2021,01,07,15,00,14'),
(1027, '9.84', '2021,01,07,15,00,19'),
(1028, '9.81', '2021,01,07,15,00,24'),
(1029, '9.79', '2021,01,07,15,00,29'),
(1030, '9.82', '2021,01,07,15,00,34'),
(1031, '9.84', '2021,01,07,15,00,39'),
(1032, '9.82', '2021,01,07,15,00,44'),
(1033, '9.80', '2021,01,07,15,00,50'),
(1034, '9.83', '2021,01,07,15,00,55'),
(1035, '9.78', '2021,01,07,15,01,00'),
(1036, '9.86', '2021,01,07,15,01,05'),
(1037, '9.83', '2021,01,07,15,01,10'),
(1038, '9.85', '2021,01,07,15,01,15'),
(1039, '9.79', '2021,01,07,15,01,21'),
(1040, '9.83', '2021,01,07,15,01,26'),
(1041, '9.78', '2021,01,07,15,01,31'),
(1042, '9.80', '2021,01,07,15,01,36'),
(1043, '9.81', '2021,01,07,15,01,41'),
(1044, '9.82', '2021,01,07,15,01,46'),
(1045, '9.82', '2021,01,07,15,01,51'),
(1046, '9.79', '2021,01,07,15,01,57'),
(1047, '9.79', '2021,01,07,15,02,02'),
(1048, '9.81', '2021,01,07,15,02,10'),
(1049, '9.80', '2021,01,07,15,02,15'),
(1050, '9.80', '2021,01,07,15,02,20'),
(1051, '9.81', '2021,01,07,15,02,25'),
(1052, '9.81', '2021,01,07,15,02,31'),
(1053, '9.80', '2021,01,07,15,02,36'),
(1054, '9.80', '2021,01,07,15,02,41'),
(1055, '9.78', '2021,01,07,15,02,46'),
(1056, '9.82', '2021,01,07,15,02,51'),
(1057, '9.78', '2021,01,07,15,02,56'),
(1058, '9.82', '2021,01,07,15,03,02'),
(1059, '9.81', '2021,01,07,15,03,07'),
(1060, '9.75', '2021,01,07,15,03,12'),
(1061, '9.83', '2021,01,07,15,03,17'),
(1062, '9.85', '2021,01,07,15,03,22'),
(1063, '9.83', '2021,01,07,15,03,27'),
(1064, '9.82', '2021,01,07,15,03,32'),
(1065, '9.79', '2021,01,07,15,03,38'),
(1066, '9.85', '2021,01,07,15,03,43'),
(1067, '9.78', '2021,01,07,15,03,48'),
(1068, '9.82', '2021,01,07,15,03,53'),
(1069, '9.83', '2021,01,07,15,03,58'),
(1070, '9.83', '2021,01,07,15,04,03'),
(1071, '9.79', '2021,01,07,15,04,08'),
(1072, '9.81', '2021,01,07,15,04,14'),
(1073, '9.77', '2021,01,07,15,04,19'),
(1074, '9.78', '2021,01,07,15,04,24'),
(1075, '9.82', '2021,01,07,15,04,29'),
(1076, '9.78', '2021,01,07,15,04,34'),
(1077, '9.80', '2021,01,07,15,04,39'),
(1078, '9.78', '2021,01,07,15,04,44'),
(1079, '9.87', '2021,01,07,15,04,50'),
(1080, '9.77', '2021,01,07,15,04,55'),
(1081, '9.80', '2021,01,07,15,05,00'),
(1082, '9.82', '2021,01,07,15,05,05'),
(1083, '9.83', '2021,01,07,15,05,11'),
(1084, '9.81', '2021,01,07,15,05,16'),
(1085, '9.75', '2021,01,07,15,05,21'),
(1086, '9.77', '2021,01,07,15,05,27'),
(1087, '9.83', '2021,01,07,15,05,32'),
(1088, '9.81', '2021,01,07,15,05,37'),
(1089, '9.84', '2021,01,07,15,05,42'),
(1090, '9.79', '2021,01,07,15,05,47'),
(1091, '9.86', '2021,01,07,15,05,52'),
(1092, '9.79', '2021,01,07,15,05,57'),
(1093, '9.79', '2021,01,07,15,06,03'),
(1094, '9.77', '2021,01,07,15,06,08'),
(1095, '9.74', '2021,01,07,15,06,13'),
(1096, '9.79', '2021,01,07,15,06,18'),
(1097, '9.88', '2021,01,07,15,06,23'),
(1098, '9.79', '2021,01,07,15,06,29'),
(1099, '9.82', '2021,01,07,15,06,34'),
(1100, '9.82', '2021,01,07,15,06,39'),
(1101, '9.81', '2021,01,07,15,06,44'),
(1102, '9.80', '2021,01,07,15,06,49'),
(1103, '9.83', '2021,01,07,15,06,54'),
(1104, '9.80', '2021,01,07,15,06,59'),
(1105, '9.75', '2021,01,07,15,07,04'),
(1106, '9.79', '2021,01,07,15,07,10'),
(1107, '9.81', '2021,01,07,15,07,15'),
(1108, '9.83', '2021,01,07,15,07,20'),
(1109, '9.79', '2021,01,07,15,07,25'),
(1110, '9.82', '2021,01,07,15,07,30'),
(1111, '9.81', '2021,01,07,15,07,36'),
(1112, '9.84', '2021,01,07,15,07,41'),
(1113, '9.81', '2021,01,07,15,07,46'),
(1114, '9.79', '2021,01,07,15,07,51'),
(1115, '9.85', '2021,01,07,15,07,56'),
(1116, '9.81', '2021,01,07,15,08,01'),
(1117, '9.79', '2021,01,07,15,08,06'),
(1118, '9.77', '2021,01,07,15,08,11'),
(1119, '9.84', '2021,01,07,15,08,17'),
(1120, '9.79', '2021,01,07,15,08,22'),
(1121, '9.81', '2021,01,07,15,08,27'),
(1122, '9.82', '2021,01,07,15,08,32'),
(1123, '9.86', '2021,01,07,15,08,37'),
(1124, '9.83', '2021,01,07,15,08,43'),
(1125, '9.82', '2021,01,07,15,08,48'),
(1126, '9.81', '2021,01,07,15,08,53'),
(1127, '9.88', '2021,01,07,15,08,58'),
(1128, '9.72', '2021,01,07,15,09,03'),
(1129, '9.88', '2021,01,07,15,09,08'),
(1130, '9.84', '2021,01,07,15,09,14'),
(1131, '9.79', '2021,01,07,15,09,20'),
(1132, '9.82', '2021,01,07,15,09,25'),
(1133, '9.78', '2021,01,07,15,09,30'),
(1134, '9.81', '2021,01,07,15,09,35'),
(1135, '9.83', '2021,01,07,15,09,40'),
(1136, '9.78', '2021,01,07,15,09,45'),
(1137, '9.86', '2021,01,07,15,09,50'),
(1138, '9.77', '2021,01,07,15,09,56'),
(1139, '9.82', '2021,01,07,15,10,01'),
(1140, '9.79', '2021,01,07,15,10,06'),
(1141, '9.77', '2021,01,07,15,10,11'),
(1142, '9.86', '2021,01,07,15,10,17'),
(1143, '9.78', '2021,01,07,15,10,22'),
(1144, '9.82', '2021,01,07,15,10,27'),
(1145, '9.87', '2021,01,07,15,10,32'),
(1146, '9.83', '2021,01,07,15,10,37'),
(1147, '9.81', '2021,01,07,15,10,42'),
(1148, '9.79', '2021,01,07,15,10,48'),
(1149, '9.85', '2021,01,07,15,10,53'),
(1150, '9.83', '2021,01,07,15,10,58'),
(1151, '9.81', '2021,01,07,15,11,03'),
(1152, '9.82', '2021,01,07,15,11,08'),
(1153, '9.82', '2021,01,07,15,11,13'),
(1154, '9.83', '2021,01,07,15,11,18'),
(1155, '9.77', '2021,01,07,15,11,24'),
(1156, '9.80', '2021,01,07,15,11,29'),
(1157, '9.80', '2021,01,07,15,11,34'),
(1158, '9.78', '2021,01,07,15,11,39'),
(1159, '9.83', '2021,01,07,15,11,45'),
(1160, '9.81', '2021,01,07,15,11,50'),
(1161, '9.79', '2021,01,07,15,11,55'),
(1162, '9.78', '2021,01,07,15,12,00'),
(1163, '9.78', '2021,01,07,15,12,05'),
(1164, '9.82', '2021,01,07,15,12,10'),
(1165, '9.84', '2021,01,07,15,12,16'),
(1166, '9.82', '2021,01,07,15,12,21'),
(1167, '9.85', '2021,01,07,15,12,26'),
(1168, '9.82', '2021,01,07,15,12,31'),
(1169, '9.78', '2021,01,07,15,12,36'),
(1170, '9.75', '2021,01,07,15,12,42'),
(1171, '9.75', '2021,01,07,15,12,47'),
(1172, '9.76', '2021,01,07,15,12,52'),
(1173, '9.75', '2021,01,07,15,12,57'),
(1174, '9.81', '2021,01,07,15,13,02'),
(1175, '9.79', '2021,01,07,15,13,07'),
(1176, '9.78', '2021,01,07,15,13,13'),
(1177, '9.81', '2021,01,07,15,13,18'),
(1178, '9.80', '2021,01,07,15,13,23'),
(1179, '9.79', '2021,01,07,15,13,28'),
(1180, '9.84', '2021,01,07,15,13,34'),
(1181, '9.80', '2021,01,07,15,13,39'),
(1182, '9.81', '2021,01,07,15,13,44'),
(1183, '9.85', '2021,01,07,15,13,49');
COMMIT;

/*!40101 SET CHARACTER_SET_CLIENT=@OLD_CHARACTER_SET_CLIENT */;
/*!40101 SET CHARACTER_SET_RESULTS=@OLD_CHARACTER_SET_RESULTS */;
/*!40101 SET COLLATION_CONNECTION=@OLD_COLLATION_CONNECTION */;
